{
  "bm25": {
    "n": 729,
    "recall@10": 0.0438957475994513,
    "ndcg@10": 0.029975098281665655
  },
  "dense": {
    "n": 729,
    "recall@10": 0.11659807956104253,
    "ndcg@10": 0.0933592027142538
  },
  "hybrid": {
    "n": 729,
    "recall@10": 0.053497942386831275,
    "ndcg@10": 0.04338245534846112
  }
}