{
  "bm25": {
    "n": 2000,
    "recall@10": 0.016,
    "ndcg@10": 0.010925923323667132
  },
  "dense": {
    "n": 2000,
    "recall@10": 0.0425,
    "ndcg@10": 0.03402942938934551
  },
  "hybrid": {
    "n": 2000,
    "recall@10": 0.0195,
    "ndcg@10": 0.015812904974514076
  }
}